model,n_pairs,metric_score,stereotype_score,anti_stereotype_score,num_neutral,neutral_pct,total_stereo,total_antistereo,stereotype_preference_pct,mean_stereo_prob_norm,mean_anti_prob_norm,bias_type,debias_method,strategy
m6_postcorr_ci_post_inference_correction_counter_imaging,87,71.26,76.71,42.86,3,3.45,73,14,71.26,,,age,post_inference_correction,counter_imaging
m6_postcorr_ci_post_inference_correction_counter_imaging,60,78.33,80.7,33.33,1,1.67,57,3,78.33,,,disability,post_inference_correction,counter_imaging
m6_postcorr_ci_post_inference_correction_counter_imaging,262,61.45,67.92,51.46,6,2.29,159,103,61.45,,,gender,post_inference_correction,counter_imaging
m6_postcorr_ci_post_inference_correction_counter_imaging,159,64.15,64.19,63.64,7,4.4,148,11,64.15,,,nationality,post_inference_correction,counter_imaging
m6_postcorr_ci_post_inference_correction_counter_imaging,63,61.9,67.31,36.36,2,3.17,52,11,61.9,,,physical-appearance,post_inference_correction,counter_imaging
m6_postcorr_ci_post_inference_correction_counter_imaging,516,66.67,69.56,34.88,15,2.91,473,43,66.67,,,race-color,post_inference_correction,counter_imaging
m6_postcorr_ci_post_inference_correction_counter_imaging,105,72.38,73.74,50.0,2,1.9,99,6,72.38,,,religion,post_inference_correction,counter_imaging
m6_postcorr_ci_post_inference_correction_counter_imaging,84,80.95,81.94,75.0,1,1.19,72,12,80.95,,,sexual-orientation,post_inference_correction,counter_imaging
m6_postcorr_ci_post_inference_correction_counter_imaging,172,72.09,73.25,60.0,4,2.33,157,15,72.09,,,socioeconomic,post_inference_correction,counter_imaging
