dataset_key,panel_label,method_key,method_label,metric,metric_label,ideal_value,native_value,normalized_bias_error_plotted,metric_source_file
crowspairs,CrowS-Pairs,base,Base Model Inference,stereotype_preference_pct,Stereotype preference %,50,66.11,16.11,results/new_results/m6_llama70b_original5/m6_llama70b_original5_20260415_195536/plain_direct/evalshared/crows_pairs_metrics_overall_llama70b_plain_base_crowspairs.csv
crowspairs,CrowS-Pairs,icl,ICL,stereotype_preference_pct,Stereotype preference %,50,56.37,6.37,results/new_results/m4_base_icl_zero/m4_base_icl_zero_allmodels_20260514_005736/llama70b/evalshared/crows_pairs_metrics_overall_m4_baseicl_zero_llama70b_allstrat_crowspairs.csv
crowspairs,CrowS-Pairs,diy_it,DIY IT,stereotype_preference_pct,Stereotype preference %,50,67.04,17.04,results/new_results/m3_finetune_llama70b_ms500/evalshared/crows_pairs_metrics_overall_m3_llama70b_ms500_all_allversions_crowspairs.csv
crowspairs,CrowS-Pairs,diy_twopass_no_it,DIY Two Pass (No IT),stereotype_preference_pct,Stereotype preference %,50,48.21,1.79,results/new_results/m6_llama70b_original5/m6_llama70b_original5_20260415_195536/m6/eval/m6_l70b_two_pass_zero__base_all_strategies__all_strategies/crowspairs/crows_pairs_metrics_overall_m6_l70b_two_pass_zero__base_all_strategies__all_strategies_self_debias_two_pass_all_strategies.csv
crowspairs,CrowS-Pairs,diy_twopass_it,DIY Two Pass (IT),stereotype_preference_pct,Stereotype preference %,50,47.28,2.72,results/new_results/m6_llama70b_original5/m6_llama70b_original5_20260415_195536/m6/eval/m6_l70b_two_pass_zero__all_allversions__all_strategies/crowspairs/crows_pairs_metrics_overall_m6_l70b_two_pass_zero__all_allversions__all_strategies_self_debias_two_pass_all_strategies.csv
stereoset,StereoSet,base,Base Model Inference,SS Score,SS Score overall,50,59.9998,9.9997996,results/new_results/m6_llama70b_original5/m6_llama70b_original5_20260415_195536/plain_direct/evalshared/stereoset_metrics_llama70b_plain_base_stereoset.csv
stereoset,StereoSet,icl,ICL,SS Score,SS Score overall,50,53.758909,3.7589086,results/new_results/m4_base_icl_zero/m4_base_icl_zero_allmodels_20260514_005736/llama70b/evalshared/stereoset_metrics_m4_baseicl_zero_llama70b_allstrat_stereoset.csv
stereoset,StereoSet,diy_it,DIY IT,SS Score,SS Score overall,50,60.657,10.657,results/new_results/m3_finetune_llama70b_ms500/evalshared/stereoset_metrics_m3_llama70b_ms500_all_allversions_stereoset.csv
stereoset,StereoSet,diy_twopass_no_it,DIY Two Pass (No IT),SS Score,SS Score overall,50,46.813309,3.1866908,results/new_results/m6_llama70b_original5/m6_llama70b_original5_20260415_195536/m6/eval/m6_l70b_two_pass_zero__base_all_strategies__all_strategies/stereoset/stereoset_metrics_m6_l70b_two_pass_zero__base_all_strategies__all_strategies_self_debias_two_pass_all_strategies.csv
stereoset,StereoSet,diy_twopass_it,DIY Two Pass (IT),SS Score,SS Score overall,50,45.715262,4.2847381,results/new_results/m6_llama70b_original5/m6_llama70b_original5_20260415_195536/m6/eval/m6_l70b_two_pass_zero__all_allversions__all_strategies/stereoset/stereoset_metrics_m6_l70b_two_pass_zero__all_allversions__all_strategies_self_debias_two_pass_all_strategies.csv
bbq,BBQ Ambig.,base,Base Model Inference,Bias_score_ambig,Bias score ambig.,0,7.046,7.046,results/new_results/m6_llama70b_original5/m6_llama70b_original5_20260415_195536/plain_direct/bbq/bbq_metrics_llama70b_plain_base_bbq.csv
bbq,BBQ Ambig.,icl,ICL,Bias_score_ambig,Bias score ambig.,0,5.206,5.206,results/new_results/m4_base_icl_zero/m4_base_icl_zero_allmodels_20260514_005736/llama70b/bbq/bbq_metrics_m4_baseicl_zero_llama70b_allstrat_bbq.csv
bbq,BBQ Ambig.,diy_it,DIY IT,Bias_score_ambig,Bias score ambig.,0,6.615,6.615,results/new_results/m3_finetune_llama70b_ms500/bbq/bbq_metrics_m3_llama70b_ms500_all_allversions_bbq.csv
bbq,BBQ Ambig.,diy_twopass_no_it,DIY Two Pass (No IT),Bias_score_ambig,Bias score ambig.,0,4.935,4.935,results/new_results/m6_llama70b_original5/m6_llama70b_original5_20260415_195536/m6/eval/m6_l70b_two_pass_zero__base_all_strategies__all_strategies/bbq/bbq_metrics.csv
bbq,BBQ Ambig.,diy_twopass_it,DIY Two Pass (IT),Bias_score_ambig,Bias score ambig.,0,7.152,7.152,results/new_results/m6_llama70b_original5/m6_llama70b_original5_20260415_195536/m6/eval/m6_l70b_two_pass_zero__all_allversions__all_strategies/bbq/bbq_metrics.csv
bbq,BBQ Disambig.,base,Base Model Inference,Bias_score_disambig,Bias score disambig.,0,0.388,0.388,results/new_results/m6_llama70b_original5/m6_llama70b_original5_20260415_195536/plain_direct/bbq/bbq_metrics_llama70b_plain_base_bbq.csv
bbq,BBQ Disambig.,icl,ICL,Bias_score_disambig,Bias score disambig.,0,0.716,0.716,results/new_results/m4_base_icl_zero/m4_base_icl_zero_allmodels_20260514_005736/llama70b/bbq/bbq_metrics_m4_baseicl_zero_llama70b_allstrat_bbq.csv
bbq,BBQ Disambig.,diy_it,DIY IT,Bias_score_disambig,Bias score disambig.,0,0.554,0.554,results/new_results/m3_finetune_llama70b_ms500/bbq/bbq_metrics_m3_llama70b_ms500_all_allversions_bbq.csv
bbq,BBQ Disambig.,diy_twopass_no_it,DIY Two Pass (No IT),Bias_score_disambig,Bias score disambig.,0,2.439,2.439,results/new_results/m6_llama70b_original5/m6_llama70b_original5_20260415_195536/m6/eval/m6_l70b_two_pass_zero__base_all_strategies__all_strategies/bbq/bbq_metrics.csv
bbq,BBQ Disambig.,diy_twopass_it,DIY Two Pass (IT),Bias_score_disambig,Bias score disambig.,0,2.126,2.126,results/new_results/m6_llama70b_original5/m6_llama70b_original5_20260415_195536/m6/eval/m6_l70b_two_pass_zero__all_allversions__all_strategies/bbq/bbq_metrics.csv
winobias,WinoBias,base,Base Model Inference,abs_pro_anti_gap,Abs. pro/anti gap,0,0.14393939,0.14393939,results/new_results/m6_llama70b_original5/m6_llama70b_original5_20260415_195536/plain_direct/evalshared/winobias/llama70b_plain_base_winobias/winobias_metrics_overall_llama70b_plain_base_winobias.csv
winobias,WinoBias,icl,ICL,abs_pro_anti_gap,Abs. pro/anti gap,0,0.14393939,0.14393939,results/new_results/m4_base_icl_zero/m4_base_icl_zero_allmodels_20260514_005736/llama70b/evalshared/winobias/m4_baseicl_zero_llama70b_allstrat_winobias/winobias_metrics_overall_m4_baseicl_zero_llama70b_allstrat_winobias.csv
winobias,WinoBias,diy_it,DIY IT,abs_pro_anti_gap,Abs. pro/anti gap,0,0.15151515,0.15151515,results/new_results/m3_finetune_llama70b_ms500/evalshared/winobias/m3_llama70b_ms500_all_allversions_winobias/winobias_metrics_overall_m3_llama70b_ms500_all_allversions_winobias.csv
winobias,WinoBias,diy_twopass_no_it,DIY Two Pass (No IT),abs_pro_anti_gap,Abs. pro/anti gap,0,0.058080808,0.058080808,results/new_results/m6_llama70b_original5/m6_llama70b_original5_20260415_195536/m6/eval/m6_l70b_two_pass_zero__base_all_strategies__all_strategies/winobias/winobias/m6_l70b_two_pass_zero__base_all_strategies__all_strategies_self_debias_two_pass_all_strategies/winobias_metrics_overall_m6_l70b_two_pass_zero__base_all_strategies__all_strategies_self_debias_two_pass_all_strategies.csv
winobias,WinoBias,diy_twopass_it,DIY Two Pass (IT),abs_pro_anti_gap,Abs. pro/anti gap,0,0.083333333,0.083333333,results/new_results/m6_llama70b_original5/m6_llama70b_original5_20260415_195536/m6/eval/m6_l70b_two_pass_zero__all_allversions__all_strategies/winobias/winobias/m6_l70b_two_pass_zero__all_allversions__all_strategies_self_debias_two_pass_all_strategies/winobias_metrics_overall_m6_l70b_two_pass_zero__all_allversions__all_strategies_self_debias_two_pass_all_strategies.csv
winogender,WinoGender,base,Base Model Inference,male_female_pair_disagreement_rate,Male/female pair disagreement,0,0.070833333,0.070833333,results/new_results/m6_llama70b_original5/m6_llama70b_original5_20260415_195536/plain_direct/evalshared/winogender/llama70b_plain_base_winogender/winogender_metrics_overall_llama70b_plain_base_winogender.csv
winogender,WinoGender,icl,ICL,male_female_pair_disagreement_rate,Male/female pair disagreement,0,0.0625,0.0625,results/new_results/m4_base_icl_zero/m4_base_icl_zero_allmodels_20260514_005736/llama70b/evalshared/winogender/m4_baseicl_zero_llama70b_allstrat_winogender/winogender_metrics_overall_m4_baseicl_zero_llama70b_allstrat_winogender.csv
winogender,WinoGender,diy_it,DIY IT,male_female_pair_disagreement_rate,Male/female pair disagreement,0,0.083333333,0.083333333,results/new_results/m3_finetune_llama70b_ms500/evalshared/winogender/m3_llama70b_ms500_all_allversions_winogender/winogender_metrics_overall_m3_llama70b_ms500_all_allversions_winogender.csv
winogender,WinoGender,diy_twopass_no_it,DIY Two Pass (No IT),male_female_pair_disagreement_rate,Male/female pair disagreement,0,0.054166667,0.054166667,results/new_results/m6_llama70b_original5/m6_llama70b_original5_20260415_195536/m6/eval/m6_l70b_two_pass_zero__base_all_strategies__all_strategies/winogender/winogender/m6_l70b_two_pass_zero__base_all_strategies__all_strategies_self_debias_two_pass_all_strategies/winogender_metrics_overall_m6_l70b_two_pass_zero__base_all_strategies__all_strategies_self_debias_two_pass_all_strategies.csv
winogender,WinoGender,diy_twopass_it,DIY Two Pass (IT),male_female_pair_disagreement_rate,Male/female pair disagreement,0,0.0625,0.0625,results/new_results/m6_llama70b_original5/m6_llama70b_original5_20260415_195536/m6/eval/m6_l70b_two_pass_zero__all_allversions__all_strategies/winogender/winogender/m6_l70b_two_pass_zero__all_allversions__all_strategies_self_debias_two_pass_all_strategies/winogender_metrics_overall_m6_l70b_two_pass_zero__all_allversions__all_strategies_self_debias_two_pass_all_strategies.csv
