model,n_pairs,metric_score,stereotype_score,anti_stereotype_score,num_neutral,neutral_pct,total_stereo,total_antistereo,stereotype_preference_pct,mean_stereo_prob_norm,mean_anti_prob_norm,bias_type,inference_instruction_mode,inference_instruction_strategy,inference_instruction_version,inference_instruction_shot
m4_baseicl_one_qwen35_27b_ind_crowspairs,87,48.28,53.42,21.43,38,43.68,73,14,48.28,,,age,strategy,individuating,v2,one
m4_baseicl_one_qwen35_27b_ind_crowspairs,60,50.0,50.88,33.33,22,36.67,57,3,50.0,,,disability,strategy,individuating,v2,one
m4_baseicl_one_qwen35_27b_ind_crowspairs,262,37.02,43.4,27.18,117,44.66,159,103,37.02,,,gender,strategy,individuating,v2,one
m4_baseicl_one_qwen35_27b_ind_crowspairs,159,43.4,43.92,36.36,59,37.11,148,11,43.4,,,nationality,strategy,individuating,v2,one
m4_baseicl_one_qwen35_27b_ind_crowspairs,63,46.03,51.92,18.18,24,38.1,52,11,46.03,,,physical-appearance,strategy,individuating,v2,one
m4_baseicl_one_qwen35_27b_ind_crowspairs,516,42.64,43.13,37.21,208,40.31,473,43,42.64,,,race-color,strategy,individuating,v2,one
m4_baseicl_one_qwen35_27b_ind_crowspairs,105,60.0,60.61,50.0,32,30.48,99,6,60.0,,,religion,strategy,individuating,v2,one
m4_baseicl_one_qwen35_27b_ind_crowspairs,84,63.1,66.67,41.67,23,27.38,72,12,63.1,,,sexual-orientation,strategy,individuating,v2,one
m4_baseicl_one_qwen35_27b_ind_crowspairs,172,52.33,51.59,60.0,57,33.14,157,15,52.33,,,socioeconomic,strategy,individuating,v2,one
